Workbook

Sheet Commissions
A1: Report Month | B1: Carrier | C1: LOB | D1: Premium Volume | E1: Gross Commission | F1: Commission Rate | G1: Network | H1: Source Type | I1: Source File | J1: Parse Status | K1: Payment Status | L1: Notes | M1: Ingestion Date
A2: 2025-12 | B2: MGT Insurance | C2: C/L | D2: 738.69 | E2: 738.69 | F2: =IF(D2<>0,E2/D2,"") -> 1 | G2: MGA/Wholesale | H2: csv | I2: mgt_payments_12_02_2025.csv | J2: verified | K2: received
A3: 2026-01 | B3: Hartford | C3: C/L | D3: 18814 | E3: 2601.98 | F3: =IF(D3<>0,E3/D3,"") -> 0.1383002 | G3: SIAA | H3: pdf | I3: HF Jan Statement.pdf | J3: verified | K3: received
A4: 2026-01 | B4: Travelers PI | C4: P/L | D4: 44307.74 | E4: 5611.83 | F4: =IF(D4<>0,E4/D4,"") -> 0.12665575 | G4: SIAA | H4: pdf | I4: TRV PI Commission Statement.pdf | J4: verified | K4: received
A5: 2026-01 | B5: Travelers BI | C5: C/L | D5: 5012 | E5: 629.03 | F5: =IF(D5<>0,E5/D5,"") -> 0.12550479 | G5: SIAA | H5: pdf | I5: TRV Bond and BI Statement.pdf | J5: verified | K5: received
A6: 2026-01 | B6: Guard | C6: C/L | D6: 0 | E6: 1883.42 | G6: SIAA | H6: pdf | I6: Guard COMM STMT 1-2026.pdf | J6: verified | K6: received | L6: BOP $1,945.94 / WC -$62.52
A7: 2026-01 | B7: Progressive | C7: P/L | D7: 9902.72 | E7: 843.15 | F7: =IF(D7<>0,E7/D7,"") -> 0.085143274 | G7: SIAA | H7: pdf | I7: Progressive Summary Report.pdf | J7: verified | K7: received
A8: 2026-01 | B8: Nationwide | C8: P/L | D8: 653.9 | E8: 78.48 | F8: =IF(D8<>0,E8/D8,"") -> 0.12001835 | G8: SIAA | H8: pdf | I8: NW Monthly Commission Statement.pdf | J8: verified | K8: received
A9: 2026-01 | B9: Markel | C9: C/L | D9: -225.62 | E9: -22.56 | F9: =IF(D9<>0,E9/D9,"") -> 0.099991136 | G9: SIAA | H9: pdf | I9: Markel Jan 2026.pdf | J9: verified | K9: received | L9: Net negative
A10: 2026-01 | B10: State Auto | C10: C/L | D10: 8089 | E10: 1213.35 | F10: =IF(D10<>0,E10/D10,"") -> 0.15 | G10: SIAA | H10: pdf | I10: State Auto Jan Statement.pdf | J10: verified | K10: received
A11: 2026-01 | B11: American Modern | C11: P/L | D11: 8780 | E11: 965.68 | F11: =IF(D11<>0,E11/D11,"") -> 0.10998633 | G11: SIAA | H11: pdf | J11: verified | K11: received | L11: From ISM Remittance
A12: 2026-01 | B12: MGT Insurance | C12: C/L | D12: 673.75 | E12: 673.75 | F12: =IF(D12<>0,E12/D12,"") -> 1 | G12: MGA/Wholesale | H12: csv | I12: mgt_payments_01_05_2026.csv | J12: verified | K12: received
A13: 2026-02 | B13: Hartford | C13: C/L | D13: 1681 | E13: 235.34 | F13: =IF(D13<>0,E13/D13,"") -> 0.14 | G13: SIAA | H13: pdf | I13: Hartford Feb Commission Statement.pdf | J13: verified | K13: received
A14: 2026-02 | B14: Travelers PI | C14: P/L | D14: 11584 | E14: 1528.04 | F14: =IF(D14<>0,E14/D14,"") -> 0.13190953 | G14: SIAA | H14: pdf | I14: TRV PI Statement Feb.pdf | J14: verified | K14: received
A15: 2026-02 | B15: Travelers BI | C15: C/L | D15: 33925 | E15: 3324.87 | F15: =IF(D15<>0,E15/D15,"") -> 0.098006485 | G15: SIAA | H15: pdf | I15: TRV Bond and BI Statement Feb.pdf | J15: verified | K15: received
A16: 2026-02 | B16: Guard | C16: C/L | D16: 23 | E16: 2.76 | F16: =IF(D16<>0,E16/D16,"") -> 0.12 | G16: SIAA | H16: pdf | I16: Guard COMM STMT 2-2026.pdf | J16: verified | K16: received
A17: 2026-02 | B17: Progressive | C17: P/L | D17: 14260.35 | E17: 1234.54 | F17: =IF(D17<>0,E17/D17,"") -> 0.086571508 | G17: SIAA | H17: pdf | I17: PR Summary Report.pdf | J17: verified | K17: received
A18: 2026-02 | B18: Nationwide | C18: P/L | D18: 1637.53 | E18: 196.51 | F18: =IF(D18<>0,E18/D18,"") -> 0.12000391 | G18: SIAA | H18: pdf | I18: NW Statement Feb.pdf | J18: verified | K18: received
A19: 2026-02 | B19: Markel | C19: C/L | D19: 663.87 | E19: 66.39 | F19: =IF(D19<>0,E19/D19,"") -> 0.10000452 | G19: SIAA | H19: pdf | I19: Markel Feb Statement.pdf | J19: verified | K19: received
A20: 2026-02 | B20: American Modern | C20: P/L | D20: 5385 | E20: 538.5 | F20: =IF(D20<>0,E20/D20,"") -> 0.1 | G20: SIAA | H20: pdf | J20: verified | K20: received | L20: From ISM Remittance
A21: 2026-02 | B21: Risk Placement Services | C21: C/L | D21: 3567 | E21: 356.7 | F21: =IF(D21<>0,E21/D21,"") -> 0.1 | G21: SIAA | H21: pdf | J21: verified | K21: received | L21: From ISM Remittance
A22: 2026-02 | B22: MGT Insurance | C22: C/L | D22: 150.98 | E22: 150.98 | F22: =IF(D22<>0,E22/D22,"") -> 1 | G22: MGA/Wholesale | H22: csv | I22: mgt_payments_02_03_2026.csv | J22: verified | K22: received
A23: 2026-03 | B23: Travelers PI | C23: P/L | D23: 0 | E23: 3889.36 | G23: SIAA | H23: xlsx | I23: TRV PI Statement 2026-03-23.xlsx | J23: verified | K23: received | L23: Premium not broken out
A24: 2026-03 | B24: Travelers BI | C24: C/L | D24: 15197 | E24: 1514.9 | F24: =IF(D24<>0,E24/D24,"") -> 0.099684148 | G24: SIAA | H24: xlsx | I24: TRV Bond and BI Statement 2026-03-23.xlsx | J24: verified | K24: received
A25: 2026-03 | B25: Progressive | C25: P/L | D25: 1543.9 | E25: 123.51 | F25: =IF(D25<>0,E25/D25,"") -> 0.079998705 | G25: SIAA | H25: xlsx | I25: Progressive - March.xlsx | J25: verified | K25: received | L25: Auto only
A26: 2026-03 | B26: Progressive | C26: C/L | D26: 1061 | E26: 106.1 | F26: =IF(D26<>0,E26/D26,"") -> 0.1 | G26: SIAA | H26: xlsx | I26: Progressive - March.xlsx | J26: verified | K26: received | L26: Commercial Vehicle
A27: 2026-03 | B27: Nationwide | C27: P/L | D27: 1646.54 | E27: 131.73 | F27: =IF(D27<>0,E27/D27,"") -> 0.08000413 | G27: SIAA | H27: xlsx | I27: Nationwide.xlsx | J27: verified | K27: received
A28: 2026-03 | B28: Hartford | C28: C/L | D28: 217 | E28: 30.38 | F28: =IF(D28<>0,E28/D28,"") -> 0.14 | G28: SIAA | H28: csv | I28: The Hartford.csv | J28: verified | K28: received | L28: 1 policy: Sky Technology
A29: 2026-03 | B29: Guard | C29: C/L | D29: 0 | E29: 639.82 | G29: SIAA | H29: pdf | I29: Guard.pdf | J29: verified | K29: received | L29: BOP $500.02 / WC $139.80
A30: 2026-03 | B30: Markel | C30: C/L | D30: 341 | E30: 34.1 | F30: =IF(D30<>0,E30/D30,"") -> 0.1 | G30: SIAA | H30: pdf | I30: Markel.pdf | J30: verified | K30: received | L30: 1 WC policy
A31: 2026-03 | B31: Steadily | C31: P/L | D31: 6833 | E31: 1024.95 | F31: =IF(D31<>0,E31/D31,"") -> 0.15 | G31: Direct | H31: xlsx | I31: Steadily.xlsx | J31: verified | K31: received | L31: 3 policies, 15% rate
A32: 2026-03 | B32: MGT Insurance | C32: C/L | D32: 63.57 | E32: 63.57 | F32: =IF(D32<>0,E32/D32,"") -> 1 | G32: MGA/Wholesale | H32: csv | I32: mgt_payments_03_03_2026.csv | J32: verified | K32: received
A33: 2026-03 | B33: Cochrane | C33: C/L | D33: 49709.1 | E33: 4734.2 | F33: =IF(D33<>0,E33/D33,"") -> 0.095238095 | G33: MGA/Wholesale | H33: xlsx | I33: heng feng.xlsx | J33: verified | K33: accrued | L33: Heng Feng Food Svc. AR - won't pay until renewal
A34: 2026-04 | B34: MGT Insurance | C34: C/L | D34: 238.39 | E34: 238.39 | F34: =IF(D34<>0,E34/D34,"") -> 1 | G34: MGA/Wholesale | H34: csv | I34: mgt_payments_04_02_2026.csv | J34: verified | K34: received

Sheet Policy Detail
A1: Report Month | B1: Carrier | C1: LOB | D1: Insured Name | E1: Policy Number | F1: Transaction Type | G1: Effective Date | H1: Premium | I1: Commission Rate | J1: Commission Amount | K1: Producer | L1: Source File | M1: Notes
A2: 2026-03 | B2: Travelers BI | C2: C/L | D2: BLUE STAR | E2: 8S742111 BIP | F2: Final Audit | G2: 10/25/2024 | H2: 500 | I2: 0.12 | J2: 60 | L2: TRV BI 2026-03-23.xlsx
A3: 2026-03 | B3: Travelers BI | C3: C/L | D3: CHINA STAR | E3: 0S400257 BIP | F3: Renewal | G3: 03/22/2026 | H3: 2489 | I3: 0.12 | J3: 298.67
A4: 2026-03 | B4: Travelers BI | C4: C/L | D4: HUNAN GARDEN DBA Y J | E4: 2J268057 UB | F4: Renewal | G4: 03/01/2026 | H4: 2928 | I4: 0.09 | J4: 263.52
A5: 2026-03 | B5: Travelers BI | C5: C/L | D5: LIN XIN RU | E5: 7P16602A 680 | F5: Renewal | G5: 03/02/2026 | H5: 2386 | I5: 0.12 | J5: 286.32
A6: 2026-03 | B6: Travelers BI | C6: C/L | D6: PAIN & WELLNESS CLIN | E6: 3K554970 UB | F6: Renewal | G6: 02/27/2026 | H6: 1094 | I6: 0.09 | J6: 98.46
A7: 2026-03 | B7: Travelers BI | C7: C/L | D7: RICE HOUSE XIAOBO LLC | E7: B2010679 BIP | F7: Renewal | G7: 04/03/2026 | H7: 2531 | I7: 0.12 | J7: 303.72
A8: 2026-03 | B8: Travelers BI | C8: C/L | D8: YUMMI CRAB INC | E8: 0S466719 UB | F8: Renewal | G8: 02/25/2026 | H8: 2269 | I8: 0.09 | J8: 204.21
A9: 2026-03 | B9: Progressive | C9: P/L | D9: WEI Y. | E9: 864043975 | F9: Renewal | G9: 04/07/2026 | H9: 247 | I9: 0.08 | J9: 19.76 | K9: Yalu Pao | L9: Progressive - March.xlsx
A10: 2026-03 | B10: Progressive | C10: C/L | D10: KBF DEPOT I | E10: 870357703 | F10: Endorsement | G10: 02/27/2026 | H10: 1061 | I10: 0.1 | J10: 106.1 | K10: Edward Hsyeh | M10: Commercial Vehicle
A11: 2026-03 | B11: Progressive | C11: P/L | D11: TANG L. | E11: 963212135 | F11: Credit Endorsement | G11: 03/18/2026 | H11: -48.51 | I11: 0.08 | J11: -3.88 | K11: Yalu Pao
A12: 2026-03 | B12: Progressive | C12: P/L | D12: LU F. | E12: 974777650 | F12: Endorsement | G12: 03/22/2026 | H12: 20.9 | I12: 0.08 | J12: 1.67 | K12: Yalu Pao
A13: 2026-03 | B13: Progressive | C13: P/L | D13: YAO X. | E13: 994505184 | F13: Renewal | G13: 03/20/2026 | H13: 757 | I13: 0.08 | J13: 60.56 | K13: Yalu Pao
A14: 2026-03 | B14: Progressive | C14: P/L | D14: LUU V. | E14: 995082150 | F14: Renewal | G14: 03/25/2026 | H14: 288 | I14: 0.08 | J14: 23.04 | K14: Yalu Pao
A15: 2026-03 | B15: Progressive | C15: P/L | D15: GAO Y. | E15: 996355322 | F15: Endorsement | G15: 03/18/2026 | H15: 279.51 | I15: 0.08 | J15: 22.36 | K15: Yalu Pao
A16: 2026-03 | B16: Hartford | C16: C/L | D16: SKY TECHNOLOGY LLC | E16: 37 SBA AJ4MFC | F16: Final Audit | G16: 11/17/2024 | H16: 217 | I16: 0.14 | J16: 30.38 | L16: The Hartford.csv
A17: 2026-03 | B17: Guard | C17: C/L | D17: China Oasis Inc | E17: CHBP708273 | F17: Renewal | G17: 03/05/2026 | H17: 2980 | I17: 0.16 | J17: 476.8 | L17: Guard.pdf | M17: BOP
A18: 2026-03 | B18: Guard | C18: C/L | D18: China 1 Buffet Lin Inc | E18: CHBP764513 | F18: Endorsement | G18: 01/18/2026 | H18: 11410 | J18: 23.22 | M18: BOP
A19: 2026-03 | B19: Guard | C19: C/L | D19: China Oasis Inc | E19: CHWC711672 | F19: Renewal | G19: 03/01/2026 | H19: 1547 | I19: 0.12 | J19: 185.64 | M19: WC
A20: 2026-03 | B20: Guard | C20: C/L | D20: HMEI LIFE INC | E20: HMWC657078 | F20: Endorsement | G20: 11/01/2025 | H20: 2567 | J20: -45.84 | M20: WC
A21: 2026-03 | B21: Markel | C21: C/L | D21: WJ CONSTRUCTION LLC | E21: AWC0017692-02 | G21: 10/20/2024 | H21: 341 | I21: 0.1 | J21: 34.1 | L21: Markel.pdf | M21: WC
A22: 2026-03 | B22: Steadily | C22: P/L | D22: Jinfu Liang | E22: SP3-MO-30919323-00 | F22: New Business | G22: 03/01/2026 | H22: 2617 | I22: 0.15 | J22: 392.55 | K22: Yalu Pao | L22: Steadily.xlsx
A23: 2026-03 | B23: Steadily | C23: P/L | D23: YiSui Wu | E23: SP3-MO-34942514-00 | F23: New Business | G23: 03/01/2026 | H23: 1238 | I23: 0.15 | J23: 185.7 | K23: Yalu Pao
A24: 2026-03 | B24: Steadily | C24: P/L | D24: Bing Liang | E24: SP3-MO-39584217-00 | F24: New Business | G24: 03/21/2026 | H24: 2978 | I24: 0.15 | J24: 446.7 | K24: Yalu Pao
A25: 2025-12 | B25: MGT Insurance | C25: C/L | D25: Asian Buffet | E25: 01KAVXNK75 | I25: 0 | J25: 87.41 | L25: mgt_12_2025.csv
A26: 2025-12 | B26: MGT Insurance | C26: C/L | D26: Pine & Bamboo Garden | E26: 01K8VNKWY4 | I26: 0 | J26: 651.28
A27: 2026-01 | B27: MGT Insurance | C27: C/L | D27: Asian Buffet | E27: 01KAVXNK75 | I27: 0 | J27: 87.41 | L27: mgt_01_2026.csv
A28: 2026-01 | B28: MGT Insurance | C28: C/L | D28: Tokyo Tuo Inc | E28: 01KAVCZJD6 | I28: 0 | J28: 63.58
A29: 2026-01 | B29: MGT Insurance | C29: C/L | D29: Young Xing LLC | E29: 01KB0JCHGF | I29: 0 | J29: 387.52
A30: 2026-01 | B30: MGT Insurance | C30: C/L | D30: China One Buffet | E30: 01KBDMTK56 | I30: 0 | J30: 135.24
A31: 2026-02 | B31: MGT Insurance | C31: C/L | D31: Tokyo Tuo Inc | E31: 01KAVCZJD6 | I31: 0 | J31: 63.57 | L31: mgt_02_2026.csv
A32: 2026-02 | B32: MGT Insurance | C32: C/L | D32: Asian Buffet | E32: 01KAVXNK75 | I32: 0 | J32: 87.41
A33: 2026-03 | B33: MGT Insurance | C33: C/L | D33: Tokyo Tuo Inc | E33: 01KAVCZJD6 | I33: 0 | J33: 63.57 | L33: mgt_03_2026.csv
A34: 2026-04 | B34: MGT Insurance | C34: C/L | D34: Tokyo Tuo Inc | E34: 01KAVCZJD6 | I34: 0 | J34: 63.57 | L34: mgt_04_2026.csv
A35: 2026-04 | B35: MGT Insurance | C35: C/L | D35: Asian Buffet | E35: 01KAVXNK75 | I35: 0 | J35: 87.41
A36: 2026-04 | B36: MGT Insurance | C36: C/L | D36: Asian Buffet | E36: 01KAVXNK75 | F36: Installment 3 | I36: 0 | J36: 87.41

Sheet Bonuses
A1: Bonus Month | B1: Source | C1: Bonus Type | D1: Amount | E1: Description | F1: Email Date | G1: Parse Status | H1: Notes | I1: Ingestion Date

Sheet Monthly Summary
A1: Month | B1: Total Premium | C1: Total Commission | D1: Effective Rate | E1: P/L Commission | F1: C/L Commission | G1: SIAA Commission | H1: Direct Commission | I1: MGA/Wholesale Commission | J1: Accrued Commission | K1: Received Commission | L1: Total Bonuses | M1: Total Income (Received) | N1: ISM Fee | O1: Net Income | P1: MoM Change | Q1: YoY Change | R1: Carriers Reporting | S1: Carriers Pending | T1: Notes
A2: 2025-12 | B2: =SUMIFS(Commissions!D:D,Commissions!A:A,A2) -> 738.69 | C2: =SUMIFS(Commissions!E:E,Commissions!A:A,A2) -> 738.69 | D2: =IF(B2<>0,C2/B2,"") -> 1 | E2: =SUMIFS(Commissions!E:E,Commissions!A:A,A2,Commissions!C:C,"P/L") -> 0 | F2: =SUMIFS(Commissions!E:E,Commissions!A:A,A2,Commissions!C:C,"C/L") -> 738.69 | G2: =SUMIFS(Commissions!E:E,Commissions!A:A,A2,Commissions!G:G,"SIAA") -> 0 | H2: =SUMIFS(Commissions!E:E,Commissions!A:A,A2,Commissions!G:G,"Direct") -> 0 | I2: =SUMIFS(Commissions!E:E,Commissions!A:A,A2,Commissions!G:G,"MGA/Wholesale") -> 738.69 | J2: =SUMIFS(Commissions!E:E,Commissions!A:A,A2,Commissions!K:K,"accrued") -> 0 | K2: =C2-J2 -> 738.69 | L2: =SUMIFS(Bonuses!D:D,Bonuses!A:A,A2) -> 0 | M2: =K2+L2 -> 738.69 | N2: 0 | O2: =M2-N2 -> 738.69 | R2: =COUNTIFS(Commissions!A:A,A2) -> 1 | S2: =COUNTIFS(Commissions!A:A,A2,Commissions!J:J,"needs_review") -> 0
A3: 2026-01 | B3: =SUMIFS(Commissions!D:D,Commissions!A:A,A3) -> 96007.49 | C3: =SUMIFS(Commissions!E:E,Commissions!A:A,A3) -> 14478.11 | D3: =IF(B3<>0,C3/B3,"") -> 0.15080188 | E3: =SUMIFS(Commissions!E:E,Commissions!A:A,A3,Commissions!C:C,"P/L") -> 7499.14 | F3: =SUMIFS(Commissions!E:E,Commissions!A:A,A3,Commissions!C:C,"C/L") -> 6978.97 | G3: =SUMIFS(Commissions!E:E,Commissions!A:A,A3,Commissions!G:G,"SIAA") -> 13804.36 | H3: =SUMIFS(Commissions!E:E,Commissions!A:A,A3,Commissions!G:G,"Direct") -> 0 | I3: =SUMIFS(Commissions!E:E,Commissions!A:A,A3,Commissions!G:G,"MGA/Wholesale") -> 673.75 | J3: =SUMIFS(Commissions!E:E,Commissions!A:A,A3,Commissions!K:K,"accrued") -> 0 | K3: =C3-J3 -> 14478.11 | L3: =SUMIFS(Bonuses!D:D,Bonuses!A:A,A3) -> 0 | M3: =K3+L3 -> 14478.11 | N3: 1304.35 | O3: =M3-N3 -> 13173.76 | P3: =IF(M2<>0,(M3-M2)/M2,"") -> 18.59971 | R3: =COUNTIFS(Commissions!A:A,A3) -> 10 | S3: =COUNTIFS(Commissions!A:A,A3,Commissions!J:J,"needs_review") -> 0
A4: 2026-02 | B4: =SUMIFS(Commissions!D:D,Commissions!A:A,A4) -> 72877.73 | C4: =SUMIFS(Commissions!E:E,Commissions!A:A,A4) -> 7634.63 | D4: =IF(B4<>0,C4/B4,"") -> 0.10475944 | E4: =SUMIFS(Commissions!E:E,Commissions!A:A,A4,Commissions!C:C,"P/L") -> 3497.59 | F4: =SUMIFS(Commissions!E:E,Commissions!A:A,A4,Commissions!C:C,"C/L") -> 4137.04 | G4: =SUMIFS(Commissions!E:E,Commissions!A:A,A4,Commissions!G:G,"SIAA") -> 7483.65 | H4: =SUMIFS(Commissions!E:E,Commissions!A:A,A4,Commissions!G:G,"Direct") -> 0 | I4: =SUMIFS(Commissions!E:E,Commissions!A:A,A4,Commissions!G:G,"MGA/Wholesale") -> 150.98 | J4: =SUMIFS(Commissions!E:E,Commissions!A:A,A4,Commissions!K:K,"accrued") -> 0 | K4: =C4-J4 -> 7634.63 | L4: =SUMIFS(Bonuses!D:D,Bonuses!A:A,A4) -> 0 | M4: =K4+L4 -> 7634.63 | N4: 748.37 | O4: =M4-N4 -> 6886.26 | P4: =IF(M3<>0,(M4-M3)/M3,"") -> -0.47267772 | R4: =COUNTIFS(Commissions!A:A,A4) -> 10 | S4: =COUNTIFS(Commissions!A:A,A4,Commissions!J:J,"needs_review") -> 0
A5: 2026-03 | B5: =SUMIFS(Commissions!D:D,Commissions!A:A,A5) -> 76612.11 | C5: =SUMIFS(Commissions!E:E,Commissions!A:A,A5) -> 12292.62 | D5: =IF(B5<>0,C5/B5,"") -> 0.1604527 | E5: =SUMIFS(Commissions!E:E,Commissions!A:A,A5,Commissions!C:C,"P/L") -> 5169.55 | F5: =SUMIFS(Commissions!E:E,Commissions!A:A,A5,Commissions!C:C,"C/L") -> 7123.07 | G5: =SUMIFS(Commissions!E:E,Commissions!A:A,A5,Commissions!G:G,"SIAA") -> 6469.9 | H5: =SUMIFS(Commissions!E:E,Commissions!A:A,A5,Commissions!G:G,"Direct") -> 1024.95 | I5: =SUMIFS(Commissions!E:E,Commissions!A:A,A5,Commissions!G:G,"MGA/Wholesale") -> 4797.77 | J5: =SUMIFS(Commissions!E:E,Commissions!A:A,A5,Commissions!K:K,"accrued") -> 4734.2 | K5: =C5-J5 -> 7558.42 | L5: =SUMIFS(Bonuses!D:D,Bonuses!A:A,A5) -> 0 | M5: =K5+L5 -> 7558.42 | N5: 0 | O5: =M5-N5 -> 7558.42 | P5: =IF(M4<>0,(M5-M4)/M4,"") -> -0.0099821471 | R5: =COUNTIFS(Commissions!A:A,A5) -> 11 | S5: =COUNTIFS(Commissions!A:A,A5,Commissions!J:J,"needs_review") -> 0
A6: 2026-04 | B6: =SUMIFS(Commissions!D:D,Commissions!A:A,A6) -> 238.39 | C6: =SUMIFS(Commissions!E:E,Commissions!A:A,A6) -> 238.39 | D6: =IF(B6<>0,C6/B6,"") -> 1 | E6: =SUMIFS(Commissions!E:E,Commissions!A:A,A6,Commissions!C:C,"P/L") -> 0 | F6: =SUMIFS(Commissions!E:E,Commissions!A:A,A6,Commissions!C:C,"C/L") -> 238.39 | G6: =SUMIFS(Commissions!E:E,Commissions!A:A,A6,Commissions!G:G,"SIAA") -> 0 | H6: =SUMIFS(Commissions!E:E,Commissions!A:A,A6,Commissions!G:G,"Direct") -> 0 | I6: =SUMIFS(Commissions!E:E,Commissions!A:A,A6,Commissions!G:G,"MGA/Wholesale") -> 238.39 | J6: =SUMIFS(Commissions!E:E,Commissions!A:A,A6,Commissions!K:K,"accrued") -> 0 | K6: =C6-J6 -> 238.39 | L6: =SUMIFS(Bonuses!D:D,Bonuses!A:A,A6) -> 0 | M6: =K6+L6 -> 238.39 | N6: 0 | O6: =M6-N6 -> 238.39 | P6: =IF(M5<>0,(M6-M5)/M5,"") -> -0.96846034 | R6: =COUNTIFS(Commissions!A:A,A6) -> 1 | S6: =COUNTIFS(Commissions!A:A,A6,Commissions!J:J,"needs_review") -> 0

Sheet Commission by Carrier
A1: Carrier | B1: 2025-12 | C1: 2026-01 | D1: 2026-02 | E1: 2026-03 | F1: 2026-04 | G1: 2026-05 | H1: 2026-06 | I1: 2026-07 | J1: 2026-08 | K1: 2026-09 | L1: 2026-10 | M1: 2026-11 | N1: 2026-12 | O1: Total
A2: American Modern | B2: =SUMIFS(Commissions!E:E,Commissions!A:A,B$1,Commissions!B:B,$A2) -> 0 | C2: =SUMIFS(Commissions!E:E,Commissions!A:A,C$1,Commissions!B:B,$A2) -> 965.68 | D2: =SUMIFS(Commissions!E:E,Commissions!A:A,D$1,Commissions!B:B,$A2) -> 538.5 | E2: =SUMIFS(Commissions!E:E,Commissions!A:A,E$1,Commissions!B:B,$A2) -> 0 | F2: =SUMIFS(Commissions!E:E,Commissions!A:A,F$1,Commissions!B:B,$A2) -> 0 | G2: =SUMIFS(Commissions!E:E,Commissions!A:A,G$1,Commissions!B:B,$A2) -> 0 | H2: =SUMIFS(Commissions!E:E,Commissions!A:A,H$1,Commissions!B:B,$A2) -> 0 | I2: =SUMIFS(Commissions!E:E,Commissions!A:A,I$1,Commissions!B:B,$A2) -> 0 | ... N2: =SUMIFS(Commissions!E:E,Commissions!A:A,N$1,Commissions!B:B,$A2) -> 0 | O2: =SUM(B2:N2) -> 1504.18
A3: Cochrane | B3: =SUMIFS(Commissions!E:E,Commissions!A:A,B$1,Commissions!B:B,$A3) -> 0 | C3: =SUMIFS(Commissions!E:E,Commissions!A:A,C$1,Commissions!B:B,$A3) -> 0 | D3: =SUMIFS(Commissions!E:E,Commissions!A:A,D$1,Commissions!B:B,$A3) -> 0 | E3: =SUMIFS(Commissions!E:E,Commissions!A:A,E$1,Commissions!B:B,$A3) -> 4734.2 | F3: =SUMIFS(Commissions!E:E,Commissions!A:A,F$1,Commissions!B:B,$A3) -> 0 | G3: =SUMIFS(Commissions!E:E,Commissions!A:A,G$1,Commissions!B:B,$A3) -> 0 | H3: =SUMIFS(Commissions!E:E,Commissions!A:A,H$1,Commissions!B:B,$A3) -> 0 | I3: =SUMIFS(Commissions!E:E,Commissions!A:A,I$1,Commissions!B:B,$A3) -> 0 | ... N3: =SUMIFS(Commissions!E:E,Commissions!A:A,N$1,Commissions!B:B,$A3) -> 0 | O3: =SUM(B3:N3) -> 4734.2
A4: Guard | B4: =SUMIFS(Commissions!E:E,Commissions!A:A,B$1,Commissions!B:B,$A4) -> 0 | C4: =SUMIFS(Commissions!E:E,Commissions!A:A,C$1,Commissions!B:B,$A4) -> 1883.42 | D4: =SUMIFS(Commissions!E:E,Commissions!A:A,D$1,Commissions!B:B,$A4) -> 2.76 | E4: =SUMIFS(Commissions!E:E,Commissions!A:A,E$1,Commissions!B:B,$A4) -> 639.82 | F4: =SUMIFS(Commissions!E:E,Commissions!A:A,F$1,Commissions!B:B,$A4) -> 0 | G4: =SUMIFS(Commissions!E:E,Commissions!A:A,G$1,Commissions!B:B,$A4) -> 0 | H4: =SUMIFS(Commissions!E:E,Commissions!A:A,H$1,Commissions!B:B,$A4) -> 0 | I4: =SUMIFS(Commissions!E:E,Commissions!A:A,I$1,Commissions!B:B,$A4) -> 0 | ... N4: =SUMIFS(Commissions!E:E,Commissions!A:A,N$1,Commissions!B:B,$A4) -> 0 | O4: =SUM(B4:N4) -> 2526
A5: Hartford | B5: =SUMIFS(Commissions!E:E,Commissions!A:A,B$1,Commissions!B:B,$A5) -> 0 | C5: =SUMIFS(Commissions!E:E,Commissions!A:A,C$1,Commissions!B:B,$A5) -> 2601.98 | D5: =SUMIFS(Commissions!E:E,Commissions!A:A,D$1,Commissions!B:B,$A5) -> 235.34 | E5: =SUMIFS(Commissions!E:E,Commissions!A:A,E$1,Commissions!B:B,$A5) -> 30.38 | F5: =SUMIFS(Commissions!E:E,Commissions!A:A,F$1,Commissions!B:B,$A5) -> 0 | G5: =SUMIFS(Commissions!E:E,Commissions!A:A,G$1,Commissions!B:B,$A5) -> 0 | H5: =SUMIFS(Commissions!E:E,Commissions!A:A,H$1,Commissions!B:B,$A5) -> 0 | I5: =SUMIFS(Commissions!E:E,Commissions!A:A,I$1,Commissions!B:B,$A5) -> 0 | ... N5: =SUMIFS(Commissions!E:E,Commissions!A:A,N$1,Commissions!B:B,$A5) -> 0 | O5: =SUM(B5:N5) -> 2867.7
A6: Markel | B6: =SUMIFS(Commissions!E:E,Commissions!A:A,B$1,Commissions!B:B,$A6) -> 0 | C6: =SUMIFS(Commissions!E:E,Commissions!A:A,C$1,Commissions!B:B,$A6) -> -22.56 | D6: =SUMIFS(Commissions!E:E,Commissions!A:A,D$1,Commissions!B:B,$A6) -> 66.39 | E6: =SUMIFS(Commissions!E:E,Commissions!A:A,E$1,Commissions!B:B,$A6) -> 34.1 | F6: =SUMIFS(Commissions!E:E,Commissions!A:A,F$1,Commissions!B:B,$A6) -> 0 | G6: =SUMIFS(Commissions!E:E,Commissions!A:A,G$1,Commissions!B:B,$A6) -> 0 | H6: =SUMIFS(Commissions!E:E,Commissions!A:A,H$1,Commissions!B:B,$A6) -> 0 | I6: =SUMIFS(Commissions!E:E,Commissions!A:A,I$1,Commissions!B:B,$A6) -> 0 | ... N6: =SUMIFS(Commissions!E:E,Commissions!A:A,N$1,Commissions!B:B,$A6) -> 0 | O6: =SUM(B6:N6) -> 77.93
A7: MGT Insurance | B7: =SUMIFS(Commissions!E:E,Commissions!A:A,B$1,Commissions!B:B,$A7) -> 738.69 | C7: =SUMIFS(Commissions!E:E,Commissions!A:A,C$1,Commissions!B:B,$A7) -> 673.75 | D7: =SUMIFS(Commissions!E:E,Commissions!A:A,D$1,Commissions!B:B,$A7) -> 150.98 | E7: =SUMIFS(Commissions!E:E,Commissions!A:A,E$1,Commissions!B:B,$A7) -> 63.57 | F7: =SUMIFS(Commissions!E:E,Commissions!A:A,F$1,Commissions!B:B,$A7) -> 238.39 | G7: =SUMIFS(Commissions!E:E,Commissions!A:A,G$1,Commissions!B:B,$A7) -> 0 | H7: =SUMIFS(Commissions!E:E,Commissions!A:A,H$1,Commissions!B:B,$A7) -> 0 | I7: =SUMIFS(Commissions!E:E,Commissions!A:A,I$1,Commissions!B:B,$A7) -> 0 | ... N7: =SUMIFS(Commissions!E:E,Commissions!A:A,N$1,Commissions!B:B,$A7) -> 0 | O7: =SUM(B7:N7) -> 1865.38
A8: Nationwide | B8: =SUMIFS(Commissions!E:E,Commissions!A:A,B$1,Commissions!B:B,$A8) -> 0 | C8: =SUMIFS(Commissions!E:E,Commissions!A:A,C$1,Commissions!B:B,$A8) -> 78.48 | D8: =SUMIFS(Commissions!E:E,Commissions!A:A,D$1,Commissions!B:B,$A8) -> 196.51 | E8: =SUMIFS(Commissions!E:E,Commissions!A:A,E$1,Commissions!B:B,$A8) -> 131.73 | F8: =SUMIFS(Commissions!E:E,Commissions!A:A,F$1,Commissions!B:B,$A8) -> 0 | G8: =SUMIFS(Commissions!E:E,Commissions!A:A,G$1,Commissions!B:B,$A8) -> 0 | H8: =SUMIFS(Commissions!E:E,Commissions!A:A,H$1,Commissions!B:B,$A8) -> 0 | I8: =SUMIFS(Commissions!E:E,Commissions!A:A,I$1,Commissions!B:B,$A8) -> 0 | ... N8: =SUMIFS(Commissions!E:E,Commissions!A:A,N$1,Commissions!B:B,$A8) -> 0 | O8: =SUM(B8:N8) -> 406.72
A9: Progressive | B9: =SUMIFS(Commissions!E:E,Commissions!A:A,B$1,Commissions!B:B,$A9) -> 0 | C9: =SUMIFS(Commissions!E:E,Commissions!A:A,C$1,Commissions!B:B,$A9) -> 843.15 | D9: =SUMIFS(Commissions!E:E,Commissions!A:A,D$1,Commissions!B:B,$A9) -> 1234.54 | E9: =SUMIFS(Commissions!E:E,Commissions!A:A,E$1,Commissions!B:B,$A9) -> 229.61 | F9: =SUMIFS(Commissions!E:E,Commissions!A:A,F$1,Commissions!B:B,$A9) -> 0 | G9: =SUMIFS(Commissions!E:E,Commissions!A:A,G$1,Commissions!B:B,$A9) -> 0 | H9: =SUMIFS(Commissions!E:E,Commissions!A:A,H$1,Commissions!B:B,$A9) -> 0 | I9: =SUMIFS(Commissions!E:E,Commissions!A:A,I$1,Commissions!B:B,$A9) -> 0 | ... N9: =SUMIFS(Commissions!E:E,Commissions!A:A,N$1,Commissions!B:B,$A9) -> 0 | O9: =SUM(B9:N9) -> 2307.3
A10: Risk Placement Services | B10: =SUMIFS(Commissions!E:E,Commissions!A:A,B$1,Commissions!B:B,$A10) -> 0 | C10: =SUMIFS(Commissions!E:E,Commissions!A:A,C$1,Commissions!B:B,$A10) -> 0 | D10: =SUMIFS(Commissions!E:E,Commissions!A:A,D$1,Commissions!B:B,$A10) -> 356.7 | E10: =SUMIFS(Commissions!E:E,Commissions!A:A,E$1,Commissions!B:B,$A10) -> 0 | F10: =SUMIFS(Commissions!E:E,Commissions!A:A,F$1,Commissions!B:B,$A10) -> 0 | G10: =SUMIFS(Commissions!E:E,Commissions!A:A,G$1,Commissions!B:B,$A10) -> 0 | H10: =SUMIFS(Commissions!E:E,Commissions!A:A,H$1,Commissions!B:B,$A10) -> 0 | I10: =SUMIFS(Commissions!E:E,Commissions!A:A,I$1,Commissions!B:B,$A10) -> 0 | ... N10: =SUMIFS(Commissions!E:E,Commissions!A:A,N$1,Commissions!B:B,$A10) -> 0 | O10: =SUM(B10:N10) -> 356.7
A11: State Auto | B11: =SUMIFS(Commissions!E:E,Commissions!A:A,B$1,Commissions!B:B,$A11) -> 0 | C11: =SUMIFS(Commissions!E:E,Commissions!A:A,C$1,Commissions!B:B,$A11) -> 1213.35 | D11: =SUMIFS(Commissions!E:E,Commissions!A:A,D$1,Commissions!B:B,$A11) -> 0 | E11: =SUMIFS(Commissions!E:E,Commissions!A:A,E$1,Commissions!B:B,$A11) -> 0 | F11: =SUMIFS(Commissions!E:E,Commissions!A:A,F$1,Commissions!B:B,$A11) -> 0 | G11: =SUMIFS(Commissions!E:E,Commissions!A:A,G$1,Commissions!B:B,$A11) -> 0 | H11: =SUMIFS(Commissions!E:E,Commissions!A:A,H$1,Commissions!B:B,$A11) -> 0 | I11: =SUMIFS(Commissions!E:E,Commissions!A:A,I$1,Commissions!B:B,$A11) -> 0 | ... N11: =SUMIFS(Commissions!E:E,Commissions!A:A,N$1,Commissions!B:B,$A11) -> 0 | O11: =SUM(B11:N11) -> 1213.35
A12: Steadily | B12: =SUMIFS(Commissions!E:E,Commissions!A:A,B$1,Commissions!B:B,$A12) -> 0 | C12: =SUMIFS(Commissions!E:E,Commissions!A:A,C$1,Commissions!B:B,$A12) -> 0 | D12: =SUMIFS(Commissions!E:E,Commissions!A:A,D$1,Commissions!B:B,$A12) -> 0 | E12: =SUMIFS(Commissions!E:E,Commissions!A:A,E$1,Commissions!B:B,$A12) -> 1024.95 | F12: =SUMIFS(Commissions!E:E,Commissions!A:A,F$1,Commissions!B:B,$A12) -> 0 | G12: =SUMIFS(Commissions!E:E,Commissions!A:A,G$1,Commissions!B:B,$A12) -> 0 | H12: =SUMIFS(Commissions!E:E,Commissions!A:A,H$1,Commissions!B:B,$A12) -> 0 | I12: =SUMIFS(Commissions!E:E,Commissions!A:A,I$1,Commissions!B:B,$A12) -> 0 | ... N12: =SUMIFS(Commissions!E:E,Commissions!A:A,N$1,Commissions!B:B,$A12) -> 0 | O12: =SUM(B12:N12) -> 1024.95
A13: Travelers BI | B13: =SUMIFS(Commissions!E:E,Commissions!A:A,B$1,Commissions!B:B,$A13) -> 0 | C13: =SUMIFS(Commissions!E:E,Commissions!A:A,C$1,Commissions!B:B,$A13) -> 629.03 | D13: =SUMIFS(Commissions!E:E,Commissions!A:A,D$1,Commissions!B:B,$A13) -> 3324.87 | E13: =SUMIFS(Commissions!E:E,Commissions!A:A,E$1,Commissions!B:B,$A13) -> 1514.9 | F13: =SUMIFS(Commissions!E:E,Commissions!A:A,F$1,Commissions!B:B,$A13) -> 0 | G13: =SUMIFS(Commissions!E:E,Commissions!A:A,G$1,Commissions!B:B,$A13) -> 0 | H13: =SUMIFS(Commissions!E:E,Commissions!A:A,H$1,Commissions!B:B,$A13) -> 0 | I13: =SUMIFS(Commissions!E:E,Commissions!A:A,I$1,Commissions!B:B,$A13) -> 0 | ... N13: =SUMIFS(Commissions!E:E,Commissions!A:A,N$1,Commissions!B:B,$A13) -> 0 | O13: =SUM(B13:N13) -> 5468.8
A14: Travelers PI | B14: =SUMIFS(Commissions!E:E,Commissions!A:A,B$1,Commissions!B:B,$A14) -> 0 | C14: =SUMIFS(Commissions!E:E,Commissions!A:A,C$1,Commissions!B:B,$A14) -> 5611.83 | D14: =SUMIFS(Commissions!E:E,Commissions!A:A,D$1,Commissions!B:B,$A14) -> 1528.04 | E14: =SUMIFS(Commissions!E:E,Commissions!A:A,E$1,Commissions!B:B,$A14) -> 3889.36 | F14: =SUMIFS(Commissions!E:E,Commissions!A:A,F$1,Commissions!B:B,$A14) -> 0 | G14: =SUMIFS(Commissions!E:E,Commissions!A:A,G$1,Commissions!B:B,$A14) -> 0 | H14: =SUMIFS(Commissions!E:E,Commissions!A:A,H$1,Commissions!B:B,$A14) -> 0 | I14: =SUMIFS(Commissions!E:E,Commissions!A:A,I$1,Commissions!B:B,$A14) -> 0 | ... N14: =SUMIFS(Commissions!E:E,Commissions!A:A,N$1,Commissions!B:B,$A14) -> 0 | O14: =SUM(B14:N14) -> 11029.23
A15: TOTAL | B15: =SUM(B2:B14) -> 738.69 | C15: =SUM(C2:C14) -> 14478.11 | D15: =SUM(D2:D14) -> 7634.63 | E15: =SUM(E2:E14) -> 12292.62 | F15: =SUM(F2:F14) -> 238.39 | G15: =SUM(G2:G14) -> 0 | H15: =SUM(H2:H14) -> 0 | I15: =SUM(I2:I14) -> 0 | ... O15: =SUM(O2:O14) -> 35382.44

Sheet ISM Cross-Check
A1: Report Month | B1: Carrier | C1: ISM Commission | D1: Statement Commission | E1: Variance | F1: Status
A2: 2026-01 | B2: American Modern | C2: 965.68 | D2: 965.68 | E2: =C2-D2 -> 0 | F2: =IF(E2=0,"matched",IF(E2="","pending","variance")) -> matched
A3: 2026-01 | B3: Guard | C3: 1883.42 | D3: 1883.42 | E3: =C3-D3 -> 0 | F3: =IF(E3=0,"matched",IF(E3="","pending","variance")) -> matched
A4: 2026-01 | B4: Hartford | C4: 2601.98 | D4: 2601.98 | E4: =C4-D4 -> 0 | F4: =IF(E4=0,"matched",IF(E4="","pending","variance")) -> matched
A5: 2026-01 | B5: Markel | C5: -22.56 | D5: -22.56 | E5: =C5-D5 -> 0 | F5: =IF(E5=0,"matched",IF(E5="","pending","variance")) -> matched
A6: 2026-01 | B6: Nationwide | C6: 78.48 | D6: 78.48 | E6: =C6-D6 -> 0 | F6: =IF(E6=0,"matched",IF(E6="","pending","variance")) -> matched
A7: 2026-01 | B7: Progressive | C7: 843.15 | D7: 843.15 | E7: =C7-D7 -> 0 | F7: =IF(E7=0,"matched",IF(E7="","pending","variance")) -> matched
A8: 2026-01 | B8: State Auto | C8: 1213.35 | D8: 1213.35 | E8: =C8-D8 -> 0 | F8: =IF(E8=0,"matched",IF(E8="","pending","variance")) -> matched
A9: 2026-01 | B9: Travelers BI | C9: 629.03 | D9: 629.03 | E9: =C9-D9 -> 0 | F9: =IF(E9=0,"matched",IF(E9="","pending","variance")) -> matched
A10: 2026-01 | B10: Travelers PI | C10: 5611.83 | D10: 5611.83 | E10: =C10-D10 -> 0 | F10: =IF(E10=0,"matched",IF(E10="","pending","variance")) -> matched

Sheet Carriers
A1: Carrier Name | B1: Aliases | C1: Network | D1: Statement Format | E1: Typical LOB | F1: Active | G1: Notes
A2: American Modern | B2: AMIG, American Modern Insurance | C2: SIAA | D2: pdf | E2: P/L | F2: =TRUE() -> TRUE
A3: Cochrane | B3: Cochrane & Company, Cochrane Co | C3: MGA/Wholesale | D3: xlsx | E3: C/L | F3: =TRUE() -> TRUE | G3: Accrued - AR until renewal. Contact: dellis@cochraneco.com
A4: Guard | B4: BH Guard, Berkshire Hathaway Guard | C4: SIAA | D4: pdf | E4: C/L | F4: =TRUE() -> TRUE | G4: Agency code: NEMIAA50
A5: Hartford | B5: The Hartford, HF | C5: SIAA | D5: csv | E5: C/L | F5: =TRUE() -> TRUE | G5: Producer: 277214. CSV starting Mar 2026.
A6: Markel | B6: Markel Corporation, Markel Insurance | C6: SIAA | D6: pdf | E6: C/L | F6: =TRUE() -> TRUE | G6: Agency: F954006. Primarily WC.
A7: MGT Insurance | B7: MGT, Ascend, baos_insurance_llc_non_policy | C7: MGA/Wholesale | D7: csv | E7: C/L | F7: =TRUE() -> TRUE | G7: Via Ascend platform. payables@useascend.com
A8: Nationwide | B8: NW, Nationwide Mutual | C8: SIAA | D8: xlsx | E8: P/L | F8: =TRUE() -> TRUE | G8: Agency: 00063968. Excel starting Mar 2026.
A9: Progressive | B9: PR, Progressive Casualty | C9: SIAA | D9: xlsx | E9: Both | F9: =TRUE() -> TRUE | G9: Auto (P/L) + Comm Vehicle (C/L). Excel starting Mar 2026.
A10: Risk Placement Services | B10: RPS, Risk Placement | C10: SIAA | D10: pdf | E10: C/L | F10: =TRUE() -> TRUE
A11: State Auto | B11: State Auto Insurance, State Automobile Mutual | C11: SIAA | D11: pdf | E11: Both | F11: =TRUE() -> TRUE | G11: Agency: 6250
A12: Steadily | B12: Steadily Insurance | C12: Direct | D12: xlsx | E12: P/L | F12: =TRUE() -> TRUE | G12: Landlord/property. 15% rate. New Mar 2026.
A13: Travelers BI | B13: TRV Bond, TRV BI, Travelers Bond and BI | C13: SIAA | D13: xlsx | E13: C/L | F13: =TRUE() -> TRUE | G13: Agent: 0CSN99. Excel starting Mar 2026.
A14: Travelers PI | B14: TRV PI, Travelers Personal | C14: SIAA | D14: xlsx | E14: P/L | F14: =TRUE() -> TRUE | G14: Agent: 0CSN99. Excel starting Mar 2026.
